Ministry,Revenue_Cr,Capital_Cr,Total_Cr,Year,Grand_Total_Cr,Share_of_Budget_Pct
AYUSH,1425.35,3.3,1428.65,2017-18,2146734.78,0.07
AYUSH,1602.67,23.7,1626.37,2018-19,2442213.3,0.07
AYUSH,1939.55,0.21,1939.76,2019-20,2786349.45,0.07
AYUSH,2122.08,0.0,2122.08,2020-21,3042230.09,0.07
AYUSH,2970.3,0.0,2970.3,2021-22,3483235.63,0.09
AYUSH,3050.0,0.0,3050.0,2022-23,3944908.67,0.08
AYUSH,3641.56,5.94,3647.5,2023-24,4503097.45,0.08
AYUSH,3703.74,8.75,3712.49,2024-25,4820512.08,0.08
AYUSH,3937.45,55.45,3992.9,2025-26,5065345.04,0.08
AYUSH,4381.86,27.07,4408.93,2026-27,5347314.81,0.08
Agriculture & Farmers Welfare,50903.05,122.95,51026.0,2017-18,2146734.78,2.38
Agriculture & Farmers Welfare,57442.41,157.59,57600.0,2018-19,2442213.3,2.36
Agriculture & Farmers Welfare,138529.27,34.7,138563.97,2019-20,2786349.45,4.97
Agriculture & Farmers Welfare,142712.03,50.32,142762.35,2020-21,3042230.09,4.69
Agriculture & Farmers Welfare,131475.19,56.0,131531.19,2021-22,3483235.63,3.78
Agriculture & Farmers Welfare,132474.37,39.25,132513.62,2022-23,3944908.67,3.36
Agriculture & Farmers Welfare,124982.96,52.83,125035.79,2023-24,4503097.45,2.78
Agriculture & Farmers Welfare,132367.72,102.14,132469.86,2024-25,4820512.08,2.75
Agriculture & Farmers Welfare,137664.35,92.2,137756.55,2025-26,5065345.04,2.72
Agriculture & Farmers Welfare,140416.57,112.21,140528.78,2026-27,5347314.81,2.63
Atomic Energy,7264.02,5197.18,12461.2,2017-18,2146734.78,0.58
Atomic Energy,7834.38,6137.03,13971.41,2018-19,2442213.3,0.57
Atomic Energy,8818.95,8106.56,16925.51,2019-20,2786349.45,0.61
Atomic Energy,8884.44,9344.5,18228.94,2020-21,3042230.09,0.6
Atomic Energy,8389.12,9875.77,18264.89,2021-22,3483235.63,0.52
Atomic Energy,8440.34,14283.24,22723.58,2022-23,3944908.67,0.58
Atomic Energy,9096.99,15981.5,25078.49,2023-24,4503097.45,0.56
Atomic Energy,11108.19,13860.79,24968.98,2024-25,4820512.08,0.52
Atomic Energy,12071.46,11977.64,24049.1,2025-26,5065345.04,0.47
Atomic Energy,14157.51,9966.41,24123.92,2026-27,5347314.81,0.45
Chemicals & Fertilisers,70553.74,24.71,70578.45,2017-18,2146734.78,3.29
Chemicals & Fertilisers,70586.47,0.1,70586.57,2018-19,2442213.3,2.89
Chemicals & Fertilisers,80529.05,5.11,80534.16,2019-20,2786349.45,2.89
Chemicals & Fertilisers,71889.69,7.23,71896.92,2020-21,3042230.09,2.36
Chemicals & Fertilisers,80257.7,457.24,80714.94,2021-22,3483235.63,2.32
Chemicals & Fertilisers,107708.7,6.68,107715.38,2022-23,3944908.67,2.73
Chemicals & Fertilisers,178477.21,4.78,178481.99,2023-24,4503097.45,3.96
Chemicals & Fertilisers,168372.71,127.16,168499.87,2024-25,4820512.08,3.5
Chemicals & Fertilisers,161946.49,18.72,161965.21,2025-26,5065345.04,3.2
Chemicals & Fertilisers,177049.76,11.71,177061.47,2026-27,5347314.81,3.31
Civil Aviation,781.3,1920.7,2702.0,2017-18,2146734.78,0.13
Civil Aviation,5881.86,721.0,6602.86,2018-19,2442213.3,0.27
Civil Aviation,4474.99,25.01,4500.0,2019-20,2786349.45,0.16
Civil Aviation,3771.74,25.97,3797.71,2020-21,3042230.09,0.12
Civil Aviation,3184.15,40.52,3224.67,2021-22,3483235.63,0.09
Civil Aviation,10590.54,76.46,10667.0,2022-23,3944908.67,0.27
Civil Aviation,3026.7,86.66,3113.36,2023-24,4503097.45,0.07
Civil Aviation,2257.79,99.35,2357.14,2024-25,4820512.08,0.05
Civil Aviation,2330.31,70.0,2400.31,2025-26,5065345.04,0.05
Civil Aviation,2057.87,45.0,2102.87,2026-27,5347314.81,0.04
Coal,745.1,0.0,745.1,2017-18,2146734.78,0.03
Coal,770.91,0.0,770.91,2018-19,2442213.3,0.03
Coal,1159.05,0.0,1159.05,2019-20,2786349.45,0.04
Coal,882.61,0.0,882.61,2020-21,3042230.09,0.03
Coal,534.88,0.0,534.88,2021-22,3483235.63,0.02
Coal,393.24,0.0,393.24,2022-23,3944908.67,0.01
Coal,190.77,1.55,192.32,2023-24,4503097.45,0.0
Coal,190.35,2.2,192.55,2024-25,4820512.08,0.0
Coal,499.0,2.2,501.2,2025-26,5065345.04,0.01
Coal,3633.12,2.2,3635.32,2026-27,5347314.81,0.07
Commerce & Industry,7913.8,160.9,8074.7,2017-18,2146734.78,0.38
Commerce & Industry,10172.26,1219.67,11391.93,2018-19,2442213.3,0.47
Commerce & Industry,10711.11,1182.72,11893.83,2019-20,2786349.45,0.43
Commerce & Industry,10668.87,2156.0,12824.87,2020-21,3042230.09,0.42
Commerce & Industry,11269.67,1498.58,12768.25,2021-22,3483235.63,0.37
Commerce & Industry,12721.0,1700.0,14421.0,2022-23,3944908.67,0.37
Commerce & Industry,11765.36,1689.85,13455.21,2023-24,4503097.45,0.3
Commerce & Industry,10005.53,1463.61,11469.14,2024-25,4820512.08,0.24
Commerce & Industry,12699.92,5746.13,18446.05,2025-26,5065345.04,0.36
Commerce & Industry,12677.46,5166.44,17843.9,2026-27,5347314.81,0.33
Communications,32356.47,3881.0,36237.47,2017-18,2146734.78,1.69
Communications,33791.19,5760.27,39551.46,2018-19,2442213.3,1.62
Communications,32695.0,5942.46,38637.46,2019-20,2786349.45,1.39
Communications,55150.8,26806.27,81957.07,2020-21,3042230.09,2.69
Communications,48421.57,26843.65,75265.22,2021-22,3483235.63,2.16
Communications,50367.78,55039.04,105406.82,2022-23,3944908.67,2.67
Communications,60304.28,63088.77,123393.05,2023-24,4503097.45,2.74
Communications,51535.04,85758.86,137293.9,2024-25,4820512.08,2.85
Communications,55362.0,52743.1,108105.1,2025-26,5065345.04,2.13
Communications,53742.59,48524.43,102267.02,2026-27,5347314.81,1.91
"Consumer Affairs, Food & PD",154162.29,69.4,154231.69,2017-18,2146734.78,7.18
"Consumer Affairs, Food & PD",175471.58,472.69,175944.27,2018-19,2442213.3,7.2
"Consumer Affairs, Food & PD",193135.09,1377.62,194512.71,2019-20,2786349.45,6.98
"Consumer Affairs, Food & PD",123283.01,1252.42,124535.43,2020-21,3042230.09,4.09
"Consumer Affairs, Food & PD",254176.39,2772.01,256948.4,2021-22,3483235.63,7.38
"Consumer Affairs, Food & PD",215634.94,2049.52,217684.46,2022-23,3944908.67,5.52
"Consumer Affairs, Food & PD",205586.16,178.44,205764.6,2023-24,4503097.45,4.57
"Consumer Affairs, Food & PD",223213.5,109.86,223323.36,2024-25,4820512.08,4.63
"Consumer Affairs, Food & PD",215662.44,104.65,215767.09,2025-26,5065345.04,4.26
"Consumer Affairs, Food & PD",239405.33,116.04,239521.37,2026-27,5347314.81,4.48
Cooperation,0.0,0.0,0.0,2021-22,3483235.63,0.0
Cooperation,889.0,11.0,900.0,2022-23,3944908.67,0.02
Cooperation,1149.38,1.0,1150.38,2023-24,4503097.45,0.03
Cooperation,1182.38,1.01,1183.39,2024-25,4820512.08,0.02
Cooperation,1184.68,1.61,1186.29,2025-26,5065345.04,0.02
Cooperation,1742.84,1.9,1744.74,2026-27,5347314.81,0.03
Corporate Affairs,418.54,29.5,448.04,2017-18,2146734.78,0.02
Corporate Affairs,537.65,26.5,564.15,2018-19,2442213.3,0.02
Corporate Affairs,545.34,41.0,586.34,2019-20,2786349.45,0.02
Corporate Affairs,675.62,52.0,727.62,2020-21,3042230.09,0.02
Corporate Affairs,661.13,51.0,712.13,2021-22,3483235.63,0.02
Corporate Affairs,692.52,40.5,733.02,2022-23,3944908.67,0.02
Corporate Affairs,714.19,42.0,756.19,2023-24,4503097.45,0.02
Corporate Affairs,2611.96,55.1,2667.06,2024-25,4820512.08,0.06
Corporate Affairs,11444.86,116.33,11561.19,2025-26,5065345.04,0.23
Corporate Affairs,5506.24,55.62,5561.86,2026-27,5347314.81,0.1
Culture,2661.79,76.68,2738.47,2017-18,2146734.78,0.13
Culture,2764.28,79.04,2843.32,2018-19,2442213.3,0.12
Culture,2953.21,89.14,3042.35,2019-20,2786349.45,0.11
Culture,3057.57,92.29,3149.86,2020-21,3042230.09,0.1
Culture,2609.23,78.76,2687.99,2021-22,3483235.63,0.08
Culture,2920.89,88.16,3009.05,2022-23,3944908.67,0.08
Culture,3114.25,285.4,3399.65,2023-24,4503097.45,0.08
Culture,3070.92,190.01,3260.93,2024-25,4820512.08,0.07
Culture,3168.51,192.45,3360.96,2025-26,5065345.04,0.07
Culture,3216.63,200.0,3416.63,2026-27,5347314.81,0.06
Defence,268274.42,91579.7,359854.12,2017-18,2146734.78,16.76
Defence,304800.85,99563.86,404364.71,2018-19,2442213.3,16.56
Defence,322761.99,108248.8,431010.79,2019-20,2786349.45,15.47
Defence,352823.0,118555.0,471378.0,2020-21,3042230.09,15.49
Defence,337961.49,140234.13,478195.62,2021-22,3483235.63,13.73
Defence,364746.55,160419.6,525166.15,2022-23,3944908.67,13.31
Defence,422162.85,171374.79,593537.64,2023-24,4503097.45,13.18
Defence,439700.0,182240.85,621940.85,2024-25,4820512.08,12.9
Defence,488822.65,192387.62,681210.27,2025-26,5065345.04,13.45
Defence,553668.56,231009.72,784678.28,2026-27,5347314.81,14.67
Development of NE Region,2084.45,598.0,2682.45,2017-18,2146734.78,0.12
Development of NE Region,2326.0,674.0,3000.0,2018-19,2442213.3,0.12
Development of NE Region,2292.8,707.2,3000.0,2019-20,2786349.45,0.11
Development of NE Region,2330.14,718.59,3048.73,2020-21,3042230.09,0.1
Development of NE Region,2031.51,626.49,2658.0,2021-22,3483235.63,0.08
Development of NE Region,2140.04,659.96,2800.0,2022-23,3944908.67,0.07
Development of NE Region,1798.75,4093.25,5892.0,2023-24,4503097.45,0.13
Development of NE Region,2040.68,3859.32,5900.0,2024-25,4820512.08,0.12
Development of NE Region,1882.76,4032.24,5915.0,2025-26,5065345.04,0.12
Development of NE Region,2247.7,4564.6,6812.3,2026-27,5347314.81,0.13
Drinking Water & Sanitation,20010.79,0.0,20010.79,2017-18,2146734.78,0.93
Drinking Water & Sanitation,22356.6,0.0,22356.6,2018-19,2442213.3,0.92
Earth Sciences,1604.48,115.0,1719.48,2017-18,2146734.78,0.08
Earth Sciences,1700.0,100.0,1800.0,2018-19,2442213.3,0.07
Earth Sciences,1760.76,141.0,1901.76,2019-20,2786349.45,0.07
Earth Sciences,1898.0,172.0,2070.0,2020-21,3042230.09,0.07
Earth Sciences,1734.13,163.0,1897.13,2021-22,3483235.63,0.05
Earth Sciences,2203.51,450.0,2653.51,2022-23,3944908.67,0.07
Earth Sciences,2646.07,673.81,3319.88,2023-24,4503097.45,0.07
Earth Sciences,2506.46,558.34,3064.8,2024-25,4820512.08,0.06
Earth Sciences,2770.78,879.03,3649.81,2025-26,5065345.04,0.07
Earth Sciences,3073.19,716.04,3789.23,2026-27,5347314.81,0.07
Education (HRD),79435.95,250.0,79685.95,2017-18,2146734.78,3.71
Education (HRD),82258.29,2752.0,85010.29,2018-19,2442213.3,3.48
Education (HRD),92733.64,2120.0,94853.64,2019-20,2786349.45,3.4
Education (HRD),97084.52,2227.0,99311.52,2020-21,3042230.09,3.26
Education (HRD),93198.81,25.5,93224.31,2021-22,3483235.63,2.68
Education (HRD),104259.71,18.01,104277.72,2022-23,3944908.67,2.64
Education (HRD),112886.4,13.07,112899.47,2023-24,4503097.45,2.51
Education (HRD),120616.05,11.82,120627.87,2024-25,4820512.08,2.5
Education (HRD),128638.98,11.07,128650.05,2025-26,5065345.04,2.54
Education (HRD),139285.95,3.53,139289.48,2026-27,5347314.81,2.6
Electronics & IT,3690.0,349.0,4039.0,2017-18,2146734.78,0.19
Electronics & IT,5675.0,325.0,6000.0,2018-19,2442213.3,0.25
Electronics & IT,6306.0,348.0,6654.0,2019-20,2786349.45,0.24
Electronics & IT,6524.03,375.0,6899.03,2020-21,3042230.09,0.23
Electronics & IT,9274.66,446.0,9720.66,2021-22,3483235.63,0.28
Electronics & IT,13911.99,388.01,14300.0,2022-23,3944908.67,0.36
Electronics & IT,16180.36,368.68,16549.04,2023-24,4503097.45,0.37
Electronics & IT,21355.89,581.01,21936.9,2024-25,4820512.08,0.46
Electronics & IT,25583.11,443.14,26026.25,2025-26,5065345.04,0.51
Electronics & IT,21234.15,398.81,21632.96,2026-27,5347314.81,0.4
"Environment, Forests & CC",2635.39,40.03,2675.42,2017-18,2146734.78,0.12
"Environment, Forests & CC",2586.67,88.75,2675.42,2018-19,2442213.3,0.11
"Environment, Forests & CC",2890.2,64.52,2954.72,2019-20,2786349.45,0.11
"Environment, Forests & CC",2942.45,157.55,3100.0,2020-21,3042230.09,0.1
"Environment, Forests & CC",2747.45,122.48,2869.93,2021-22,3483235.63,0.08
"Environment, Forests & CC",2915.0,115.0,3030.0,2022-23,3944908.67,0.08
"Environment, Forests & CC",2934.02,145.38,3079.4,2023-24,4503097.45,0.07
"Environment, Forests & CC",3237.12,93.25,3330.37,2024-25,4820512.08,0.07
"Environment, Forests & CC",3276.82,136.0,3412.82,2025-26,5065345.04,0.07
"Environment, Forests & CC",3536.66,222.8,3759.46,2026-27,5347314.81,0.07
External Affairs,12648.29,2150.26,14798.55,2017-18,2146734.78,0.69
External Affairs,13374.5,1636.5,15011.0,2018-19,2442213.3,0.61
External Affairs,16511.23,1373.55,17884.78,2019-20,2786349.45,0.64
External Affairs,16014.43,1332.28,17346.71,2020-21,3042230.09,0.57
External Affairs,16663.98,1490.75,18154.73,2021-22,3483235.63,0.52
External Affairs,15833.77,1416.23,17250.0,2022-23,3944908.67,0.44
External Affairs,16529.79,1520.21,18050.0,2023-24,4503097.45,0.4
External Affairs,20479.49,1675.18,22154.67,2024-25,4820512.08,0.46
External Affairs,19519.73,996.88,20516.61,2025-26,5065345.04,0.41
External Affairs,20706.2,1412.77,22118.97,2026-27,5347314.81,0.41
Finance,699102.99,41066.0,740168.99,2017-18,2146734.78,34.48
Finance,874818.17,19888.65,894706.82,2018-19,2442213.3,36.64
Finance,982823.27,23161.81,1005985.08,2019-20,2786349.45,36.1
Finance,1122911.74,46025.6,1168937.34,2020-21,3042230.09,38.42
Finance,1289857.68,96415.62,1386273.3,2021-22,3483235.63,39.8
Finance,1412403.79,126375.66,1538779.45,2022-23,3944908.67,39.01
Finance,1543366.57,146352.6,1689719.17,2023-24,4503097.45,37.52
Finance,1625137.77,233020.75,1858158.52,2024-25,4820512.08,38.55
Finance,1717466.84,221534.42,1939001.26,2025-26,5065345.04,38.28
Finance,1722326.88,250182.6,1972509.48,2026-27,5347314.81,36.89
"Fisheries, AH & Dairying",3681.19,55.81,3737.0,2019-20,2786349.45,0.13
"Fisheries, AH & Dairying",4048.26,65.87,4114.13,2020-21,3042230.09,0.14
"Fisheries, AH & Dairying",4249.75,73.07,4322.82,2021-22,3483235.63,0.12
"Fisheries, AH & Dairying",5956.7,80.61,6037.31,2022-23,3944908.67,0.15
"Fisheries, AH & Dairying",6517.46,59.16,6576.62,2023-24,4503097.45,0.15
"Fisheries, AH & Dairying",6881.01,256.67,7137.68,2024-25,4820512.08,0.15
"Fisheries, AH & Dairying",6935.5,608.57,7544.07,2025-26,5065345.04,0.15
"Fisheries, AH & Dairying",8438.22,477.04,8915.26,2026-27,5347314.81,0.17
Food Processing Industries,800.0,0.0,800.0,2017-18,2146734.78,0.04
Food Processing Industries,1400.0,0.0,1400.0,2018-19,2442213.3,0.06
Food Processing Industries,1196.6,0.0,1196.6,2019-20,2786349.45,0.04
Food Processing Industries,1232.94,0.0,1232.94,2020-21,3042230.09,0.04
Food Processing Industries,1308.66,0.0,1308.66,2021-22,3483235.63,0.04
Food Processing Industries,2941.99,0.0,2941.99,2022-23,3944908.67,0.07
Food Processing Industries,3285.19,2.46,3287.65,2023-24,4503097.45,0.07
Food Processing Industries,3287.46,2.54,3290.0,2024-25,4820512.08,0.07
Food Processing Industries,4361.58,2.64,4364.22,2025-26,5065345.04,0.09
Food Processing Industries,4061.43,2.73,4064.16,2026-27,5347314.81,0.08
Health & Family Welfare,45343.7,3508.81,48852.51,2017-18,2146734.78,2.28
Health & Family Welfare,51879.6,2720.4,54600.0,2018-19,2442213.3,2.24
Health & Family Welfare,62808.22,1750.9,64559.12,2019-20,2786349.45,2.32
Health & Family Welfare,66046.1,1065.7,67111.8,2020-21,3042230.09,2.21
Health & Family Welfare,71423.03,2508.74,73931.77,2021-22,3483235.63,2.12
Health & Family Welfare,80568.08,5632.57,86200.65,2022-23,3944908.67,2.19
Health & Family Welfare,83853.86,5301.14,89155.0,2023-24,4503097.45,1.98
Health & Family Welfare,87345.48,3613.15,90958.63,2024-25,4820512.08,1.89
Health & Family Welfare,96232.86,3625.7,99858.56,2025-26,5065345.04,1.97
Health & Family Welfare,103600.31,2930.11,106530.42,2026-27,5347314.81,1.99
Heavy Industries,1004.37,1615.01,2619.38,2017-18,2146734.78,0.12
Heavy Industries,759.68,386.49,1146.17,2018-19,2442213.3,0.05
Heavy Industries,1003.38,386.26,1389.64,2019-20,2786349.45,0.05
Heavy Industries,954.5,559.63,1514.13,2020-21,3042230.09,0.05
Heavy Industries,949.66,67.42,1017.08,2021-22,3483235.63,0.03
Heavy Industries,3213.79,92.21,3306.0,2022-23,3944908.67,0.08
Heavy Industries,6145.32,26.31,6171.63,2023-24,4503097.45,0.14
Heavy Industries,7240.2,1.8,7242.0,2024-25,4820512.08,0.15
Heavy Industries,7178.23,502.0,7680.23,2025-26,5065345.04,0.15
Heavy Industries,7937.08,2.82,7939.9,2026-27,5347314.81,0.15
Home Affairs,83945.43,13241.74,97187.17,2017-18,2146734.78,4.53
Home Affairs,94358.06,13214.73,107572.79,2018-19,2442213.3,4.4
Home Affairs,105934.71,13090.57,119025.28,2019-20,2786349.45,4.27
Home Affairs,151464.9,15785.43,167250.33,2020-21,3042230.09,5.5
Home Affairs,150622.34,15924.6,166546.94,2021-22,3483235.63,4.78
Home Affairs,169023.33,16753.22,185776.55,2022-23,3944908.67,4.71
Home Affairs,178016.18,18018.76,196034.94,2023-24,4503097.45,4.35
Home Affairs,200208.8,19434.51,219643.31,2024-25,4820512.08,4.56
Home Affairs,210799.27,22411.41,233210.68,2025-26,5065345.04,4.6
Home Affairs,228146.77,27086.76,255233.53,2026-27,5347314.81,4.77
Housing & Urban Affairs,6406.0,0.0,6406.0,2017-18,2146734.78,0.3
Housing & Urban Affairs,25349.73,16415.4,41765.13,2018-19,2442213.3,1.71
Housing & Urban Affairs,28487.84,19544.33,48032.17,2019-20,2786349.45,1.72
Housing & Urban Affairs,28890.89,21149.01,50039.9,2020-21,3042230.09,1.64
Housing & Urban Affairs,28821.99,25759.01,54581.0,2021-22,3483235.63,1.57
Housing & Urban Affairs,49208.45,27341.01,76549.46,2022-23,3944908.67,1.94
Housing & Urban Affairs,50434.33,25997.27,76431.6,2023-24,4503097.45,1.7
Housing & Urban Affairs,53948.31,28628.26,82576.57,2024-25,4820512.08,1.71
Housing & Urban Affairs,59153.62,37623.38,96777.0,2025-26,5065345.04,1.91
Housing & Urban Affairs,50714.32,34808.07,85522.39,2026-27,5347314.81,1.6
Information & Broadcasting,4379.9,29.1,4409.0,2017-18,2146734.78,0.21
Information & Broadcasting,4065.58,23.4,4088.98,2018-19,2442213.3,0.17
Information & Broadcasting,4361.67,13.54,4375.21,2019-20,2786349.45,0.16
Information & Broadcasting,4361.65,13.56,4375.21,2020-21,3042230.09,0.14
Information & Broadcasting,4058.61,12.62,4071.23,2021-22,3483235.63,0.12
Information & Broadcasting,3955.12,25.65,3980.77,2022-23,3944908.67,0.1
Information & Broadcasting,4661.16,30.84,4692.0,2023-24,4503097.45,0.1
Information & Broadcasting,4303.71,38.84,4342.55,2024-25,4820512.08,0.09
Information & Broadcasting,4314.59,43.79,4358.38,2025-26,5065345.04,0.09
Information & Broadcasting,4494.56,57.38,4551.94,2026-27,5347314.81,0.09
Jal Shakti/Water Resources,6102.51,784.49,6887.0,2017-18,2146734.78,0.32
Jal Shakti/Water Resources,8152.14,707.86,8860.0,2018-19,2442213.3,0.36
Jal Shakti/Water Resources,27870.12,391.47,28261.59,2019-20,2786349.45,1.01
Jal Shakti/Water Resources,30092.47,386.02,30478.49,2020-21,3042230.09,1.0
Jal Shakti/Water Resources,68731.25,321.77,69053.02,2021-22,3483235.63,1.98
Jal Shakti/Water Resources,85769.17,419.83,86189.0,2022-23,3944908.67,2.18
Jal Shakti/Water Resources,96915.99,361.68,97277.67,2023-24,4503097.45,2.16
Jal Shakti/Water Resources,98310.33,403.45,98713.78,2024-25,4820512.08,2.05
Jal Shakti/Water Resources,98945.31,557.54,99502.85,2025-26,5065345.04,1.96
Jal Shakti/Water Resources,94330.98,476.86,94807.84,2026-27,5347314.81,1.77
Labour & Employment,7165.53,22.85,7188.38,2017-18,2146734.78,0.33
Labour & Employment,7677.75,22.25,7700.0,2018-19,2442213.3,0.32
Labour & Employment,11151.65,32.44,11184.09,2019-20,2786349.45,0.4
Labour & Employment,12021.49,44.0,12065.49,2020-21,3042230.09,0.4
Labour & Employment,13269.37,37.13,13306.5,2021-22,3483235.63,0.38
Labour & Employment,16846.37,47.31,16893.68,2022-23,3944908.67,0.43
Labour & Employment,13183.86,37.87,13221.73,2023-24,4503097.45,0.29
Labour & Employment,22481.88,49.59,22531.47,2024-25,4820512.08,0.47
Labour & Employment,32606.92,39.27,32646.19,2025-26,5065345.04,0.64
Labour & Employment,32625.33,40.98,32666.31,2026-27,5347314.81,0.61
Law & Justice,3432.39,1104.27,4536.66,2017-18,2146734.78,0.21
Law & Justice,3086.05,1819.3,4905.35,2018-19,2442213.3,0.2
Law & Justice,3451.25,160.0,3611.25,2019-20,2786349.45,0.13
Law & Justice,2577.61,201.0,2778.61,2020-21,3042230.09,0.09
Law & Justice,2122.94,1107.0,3229.94,2021-22,3483235.63,0.09
Law & Justice,2432.94,1622.0,4054.94,2022-23,3944908.67,0.1
Law & Justice,2749.8,2002.78,4752.58,2023-24,4503097.45,0.11
Law & Justice,6536.39,251.94,6788.33,2024-25,4820512.08,0.14
Law & Justice,5600.78,249.59,5850.37,2025-26,5065345.04,0.12
Law & Justice,5193.47,319.92,5513.39,2026-27,5347314.81,0.1
MSME,6471.36,10.6,6481.96,2017-18,2146734.78,0.3
MSME,6540.04,12.57,6552.61,2018-19,2442213.3,0.27
MSME,6984.27,27.02,7011.29,2019-20,2786349.45,0.25
MSME,7513.2,59.0,7572.2,2020-21,3042230.09,0.25
MSME,15329.65,370.0,15699.65,2021-22,3483235.63,0.45
MSME,20916.0,506.0,21422.0,2022-23,3944908.67,0.54
MSME,21543.43,594.52,22137.95,2023-24,4503097.45,0.49
MSME,21549.87,588.08,22137.95,2024-25,4820512.08,0.46
MSME,22452.42,715.73,23168.15,2025-26,5065345.04,0.46
MSME,22647.26,1919.01,24566.27,2026-27,5347314.81,0.46
Mines,1054.65,158.84,1213.49,2017-18,2146734.78,0.06
Mines,1499.3,170.22,1669.52,2018-19,2442213.3,0.07
Mines,1567.98,107.57,1675.55,2019-20,2786349.45,0.06
Mines,1587.04,114.36,1701.4,2020-21,3042230.09,0.06
Mines,1398.49,68.33,1466.82,2021-22,3483235.63,0.04
Mines,1446.79,61.21,1508.0,2022-23,3944908.67,0.04
Mines,1834.48,77.12,1911.6,2023-24,4503097.45,0.04
Mines,1895.14,45.92,1941.06,2024-25,4820512.08,0.04
Mines,2958.91,79.09,3038.0,2025-26,5065345.04,0.06
Mines,3642.8,163.65,3806.45,2026-27,5347314.81,0.07
Minority Affairs,4025.48,170.0,4195.48,2017-18,2146734.78,0.2
Minority Affairs,4534.96,165.04,4700.0,2018-19,2442213.3,0.19
Minority Affairs,4599.98,100.02,4700.0,2019-20,2786349.45,0.17
Minority Affairs,4868.98,160.02,5029.0,2020-21,3042230.09,0.17
Minority Affairs,4657.75,153.02,4810.77,2021-22,3483235.63,0.14
Minority Affairs,4861.5,159.0,5020.5,2022-23,3944908.67,0.13
Minority Affairs,3032.6,65.0,3097.6,2023-24,4503097.45,0.07
Minority Affairs,3179.49,3.75,3183.24,2024-25,4820512.08,0.07
Minority Affairs,3346.28,3.72,3350.0,2025-26,5065345.04,0.07
Minority Affairs,3395.62,4.38,3400.0,2026-27,5347314.81,0.06
New & Renewable Energy,5432.84,40.0,5472.84,2017-18,2146734.78,0.25
New & Renewable Energy,5106.23,40.4,5146.63,2018-19,2442213.3,0.21
New & Renewable Energy,5209.83,45.0,5254.83,2019-20,2786349.45,0.19
New & Renewable Energy,5701.0,52.0,5753.0,2020-21,3042230.09,0.19
New & Renewable Energy,5743.0,10.0,5753.0,2021-22,3483235.63,0.17
New & Renewable Energy,6888.94,11.74,6900.68,2022-23,3944908.67,0.17
New & Renewable Energy,10210.35,11.65,10222.0,2023-24,4503097.45,0.23
New & Renewable Energy,19082.55,17.45,19100.0,2024-25,4820512.08,0.4
New & Renewable Energy,26542.18,7.2,26549.38,2025-26,5065345.04,0.52
New & Renewable Energy,32911.14,3.53,32914.67,2026-27,5347314.81,0.62
Panchayati Raj,790.79,0.0,790.79,2017-18,2146734.78,0.04
Panchayati Raj,825.17,0.0,825.17,2018-19,2442213.3,0.03
Panchayati Raj,871.37,0.0,871.37,2019-20,2786349.45,0.03
Panchayati Raj,900.94,0.0,900.94,2020-21,3042230.09,0.03
Panchayati Raj,913.43,0.0,913.43,2021-22,3483235.63,0.03
Panchayati Raj,868.57,0.0,868.57,2022-23,3944908.67,0.02
Panchayati Raj,993.27,23.15,1016.42,2023-24,4503097.45,0.02
Panchayati Raj,1161.2,22.44,1183.64,2024-25,4820512.08,0.02
Panchayati Raj,1170.9,14.1,1185.0,2025-26,5065345.04,0.02
Panchayati Raj,1186.88,3.28,1190.16,2026-27,5347314.81,0.02
Parliamentary Affairs,17.88,0.0,17.88,2017-18,2146734.78,0.0
Parliamentary Affairs,18.86,0.0,18.86,2018-19,2442213.3,0.0
Parliamentary Affairs,19.38,0.0,19.38,2019-20,2786349.45,0.0
Parliamentary Affairs,50.52,0.0,50.52,2020-21,3042230.09,0.0
Parliamentary Affairs,65.07,0.0,65.07,2021-22,3483235.63,0.0
Parliamentary Affairs,66.4,0.0,66.4,2022-23,3944908.67,0.0
Parliamentary Affairs,59.0,4.0,63.0,2023-24,4503097.45,0.0
Parliamentary Affairs,59.7,4.3,64.0,2024-25,4820512.08,0.0
Parliamentary Affairs,59.9,6.66,66.56,2025-26,5065345.04,0.0
Parliamentary Affairs,61.18,7.27,68.45,2026-27,5347314.81,0.0
"Personnel, PG & Pensions",1298.77,151.91,1450.68,2017-18,2146734.78,0.07
"Personnel, PG & Pensions",1475.58,84.03,1559.61,2018-19,2442213.3,0.06
"Personnel, PG & Pensions",1616.25,145.89,1762.14,2019-20,2786349.45,0.06
"Personnel, PG & Pensions",1645.28,148.26,1793.54,2020-21,3042230.09,0.06
"Personnel, PG & Pensions",1898.88,198.36,2097.24,2021-22,3483235.63,0.06
"Personnel, PG & Pensions",2153.84,225.3,2379.14,2022-23,3944908.67,0.06
"Personnel, PG & Pensions",1975.23,276.97,2252.2,2023-24,4503097.45,0.05
"Personnel, PG & Pensions",2102.32,277.55,2379.87,2024-25,4820512.08,0.05
"Personnel, PG & Pensions",2459.14,249.39,2708.53,2025-26,5065345.04,0.05
"Personnel, PG & Pensions",2507.22,154.79,2662.01,2026-27,5347314.81,0.05
Petroleum & Natural Gas,25310.37,3847.2,29157.57,2017-18,2146734.78,1.36
Petroleum & Natural Gas,27391.55,3709.0,31100.55,2018-19,2442213.3,1.27
Petroleum & Natural Gas,41234.18,1667.31,42901.49,2019-20,2786349.45,1.54
Petroleum & Natural Gas,41994.0,907.0,42901.0,2020-21,3042230.09,1.41
Petroleum & Natural Gas,15516.78,427.0,15943.78,2021-22,3483235.63,0.46
Petroleum & Natural Gas,8339.86,600.0,8939.86,2022-23,3944908.67,0.23
Petroleum & Natural Gas,5498.74,35508.98,41007.72,2023-24,4503097.45,0.91
Petroleum & Natural Gas,14801.29,1128.97,15930.26,2024-25,4820512.08,0.33
Petroleum & Natural Gas,12700.77,6626.13,19326.9,2025-26,5065345.04,0.38
Petroleum & Natural Gas,30204.77,238.45,30443.22,2026-27,5347314.81,0.57
Planning,252.09,0.43,252.52,2017-18,2146734.78,0.01
Planning,338.97,0.68,339.65,2018-19,2442213.3,0.01
Planning,582.29,1.11,583.4,2019-20,2786349.45,0.02
Planning,649.22,0.78,650.0,2020-21,3042230.09,0.02
Planning,1061.99,0.78,1062.77,2021-22,3483235.63,0.03
Planning,310.67,10.75,321.42,2022-23,3944908.67,0.01
Planning,805.73,18.66,824.39,2023-24,4503097.45,0.02
Planning,818.3,18.96,837.26,2024-25,4820512.08,0.02
Planning,972.35,33.71,1006.06,2025-26,5065345.04,0.02
Planning,1203.38,28.78,1232.16,2026-27,5347314.81,0.02
Power,10295.46,3585.68,13881.14,2017-18,2146734.78,0.65
Power,12835.47,2211.45,15046.92,2018-19,2442213.3,0.62
Power,13474.7,2400.12,15874.82,2019-20,2786349.45,0.57
Power,14792.54,1082.28,15874.82,2020-21,3042230.09,0.52
Power,13757.03,1564.97,15322.0,2021-22,3483235.63,0.44
Power,16061.63,13.11,16074.74,2022-23,3944908.67,0.41
Power,20654.52,16.8,20671.32,2023-24,4503097.45,0.46
Power,19415.5,1086.5,20502.0,2024-25,4820512.08,0.43
Power,21188.59,658.41,21847.0,2025-26,5065345.04,0.43
Power,29635.83,361.02,29996.85,2026-27,5347314.81,0.56
Railways,0.0,55000.0,55000.0,2017-18,2146734.78,2.56
Railways,2028.0,53060.0,55088.0,2018-19,2442213.3,2.26
Railways,2181.67,65837.0,68018.67,2019-20,2786349.45,2.44
Railways,2215.63,70000.0,72215.63,2020-21,3042230.09,2.37
Railways,2954.64,107100.0,110054.64,2021-22,3483235.63,3.16
Railways,3267.13,137100.0,140367.13,2022-23,3944908.67,3.56
Railways,1267.51,240000.0,241267.51,2023-24,4503097.45,5.36
Railways,3393.0,252000.0,255393.0,2024-25,4820512.08,5.3
Railways,3445.18,252000.0,255445.18,2025-26,5065345.04,5.04
Railways,3547.32,277830.0,281377.32,2026-27,5347314.81,5.26
Road Transport & Highways,10723.17,54176.83,64900.0,2017-18,2146734.78,3.02
Road Transport & Highways,11559.75,59440.25,71000.0,2018-19,2442213.3,2.91
Road Transport & Highways,10957.39,72058.58,83015.97,2019-20,2786349.45,2.98
Road Transport & Highways,9848.51,81974.71,91823.22,2020-21,3042230.09,3.02
Road Transport & Highways,9870.89,108230.11,118101.0,2021-22,3483235.63,3.39
Road Transport & Highways,11363.71,187744.0,199107.71,2022-23,3944908.67,5.05
Road Transport & Highways,11829.18,258605.53,270434.71,2023-24,4503097.45,6.01
Road Transport & Highways,5758.85,272241.15,278000.0,2024-25,4820512.08,5.77
Road Transport & Highways,15092.01,272241.15,287333.16,2025-26,5065345.04,5.67
Road Transport & Highways,15707.85,294167.45,309875.3,2026-27,5347314.81,5.79
Rural Development,107752.99,5.25,107758.24,2017-18,2146734.78,5.02
Rural Development,114910.07,5.25,114915.32,2018-19,2442213.3,4.71
Rural Development,119774.43,100.0,119874.43,2019-20,2786349.45,4.3
Rural Development,122298.43,100.0,122398.43,2020-21,3042230.09,4.02
Rural Development,133689.5,0.0,133689.5,2021-22,3483235.63,3.84
Rural Development,138203.63,0.0,138203.63,2022-23,3944908.67,3.5
Rural Development,159959.45,4.78,159964.23,2023-24,4503097.45,3.55
Rural Development,180228.28,5.15,180233.43,2024-25,4820512.08,3.74
Rural Development,190400.28,5.25,190405.53,2025-26,5065345.04,3.76
Rural Development,197017.51,5.63,197023.14,2026-27,5347314.81,3.68
Science & Technology,11463.04,22.34,11485.38,2017-18,2146734.78,0.54
Science & Technology,12245.78,76.5,12322.28,2018-19,2442213.3,0.5
Science & Technology,12956.59,99.65,13056.24,2019-20,2786349.45,0.47
Science & Technology,14362.49,110.8,14473.29,2020-21,3042230.09,0.48
Science & Technology,14649.88,144.15,14794.03,2021-22,3483235.63,0.42
Science & Technology,14122.26,95.2,14217.46,2022-23,3944908.67,0.36
Science & Technology,16263.66,97.76,16361.42,2023-24,4503097.45,0.36
Science & Technology,16561.92,66.2,16628.12,2024-25,4820512.08,0.34
Science & Technology,18515.86,20097.46,38613.32,2025-26,5065345.04,0.76
Science & Technology,18170.23,20090.71,38260.94,2026-27,5347314.81,0.72
Shipping/Ports,1388.84,384.16,1773.0,2017-18,2146734.78,0.08
Shipping/Ports,1519.47,361.66,1881.13,2018-19,2442213.3,0.08
Shipping/Ports,1635.99,266.57,1902.56,2019-20,2786349.45,0.07
Shipping/Ports,1715.0,85.0,1800.0,2020-21,3042230.09,0.06
Shipping/Ports,1519.35,183.0,1702.35,2021-22,3483235.63,0.05
Shipping/Ports,1135.19,574.31,1709.5,2022-23,3944908.67,0.04
Shipping/Ports,1150.53,1068.21,2218.74,2023-24,4503097.45,0.05
Shipping/Ports,1299.56,1077.93,2377.49,2024-25,4820512.08,0.05
Shipping/Ports,1709.23,1761.35,3470.58,2025-26,5065345.04,0.07
Shipping/Ports,3964.88,1199.92,5164.8,2026-27,5347314.81,0.1
Skill Development,2766.11,250.03,3016.14,2017-18,2146734.78,0.14
Skill Development,3141.0,259.0,3400.0,2018-19,2442213.3,0.14
Skill Development,2926.11,63.1,2989.21,2019-20,2786349.45,0.11
Skill Development,2923.03,79.18,3002.21,2020-21,3042230.09,0.1
Skill Development,2711.53,73.7,2785.23,2021-22,3483235.63,0.08
Skill Development,2847.54,151.46,2999.0,2022-23,3944908.67,0.08
Skill Development,3418.07,99.24,3517.31,2023-24,4503097.45,0.08
Skill Development,4409.63,110.37,4520.0,2024-25,4820512.08,0.09
Skill Development,6017.04,83.06,6100.1,2025-26,5065345.04,0.12
Skill Development,9759.51,126.29,9885.8,2026-27,5347314.81,0.18
Social Justice & Empowerment,7412.04,350.96,7763.0,2017-18,2146734.78,0.36
Social Justice & Empowerment,8374.12,445.88,8820.0,2018-19,2442213.3,0.36
Social Justice & Empowerment,9593.68,496.22,10089.9,2019-20,2786349.45,0.36
Social Justice & Empowerment,10882.95,546.01,11428.96,2020-21,3042230.09,0.38
Social Justice & Empowerment,11319.38,370.01,11689.39,2021-22,3483235.63,0.34
Social Justice & Empowerment,12899.92,235.01,13134.93,2022-23,3944908.67,0.33
Social Justice & Empowerment,13931.06,141.11,14072.17,2023-24,4503097.45,0.31
Social Justice & Empowerment,14163.23,62.24,14225.47,2024-25,4820512.08,0.3
Social Justice & Empowerment,14873.22,12.78,14886.0,2025-26,5065345.04,0.29
Social Justice & Empowerment,15346.37,10.94,15357.31,2026-27,5347314.81,0.29
Space,4938.33,4155.38,9093.71,2017-18,2146734.78,0.42
Space,5496.18,5287.24,10783.42,2018-19,2442213.3,0.44
Space,5874.72,6598.54,12473.26,2019-20,2786349.45,0.45
Space,5704.2,7775.27,13479.47,2020-21,3042230.09,0.44
Space,5720.46,8228.63,13949.09,2021-22,3483235.63,0.4
Space,6234.4,7465.6,13700.0,2022-23,3944908.67,0.35
Space,6187.1,6356.81,12543.91,2023-24,4503097.45,0.28
Space,7475.22,5567.53,13042.75,2024-25,4820512.08,0.27
Space,7312.57,6103.63,13416.2,2025-26,5065345.04,0.26
Space,7329.71,6375.92,13705.63,2026-27,5347314.81,0.26
Statistics & PI,4767.49,28.25,4795.74,2017-18,2146734.78,0.22
Statistics & PI,4844.0,15.0,4859.0,2018-19,2442213.3,0.2
Statistics & PI,5216.33,14.73,5231.06,2019-20,2786349.45,0.19
Statistics & PI,5426.05,17.95,5444.0,2020-21,3042230.09,0.18
Statistics & PI,1396.09,13.04,1409.13,2021-22,3483235.63,0.04
Statistics & PI,5378.08,20.0,5398.08,2022-23,3944908.67,0.14
Statistics & PI,5409.92,33.48,5443.4,2023-24,4503097.45,0.12
Statistics & PI,5408.85,44.98,5453.83,2024-25,4820512.08,0.11
Statistics & PI,5426.19,44.87,5471.06,2025-26,5065345.04,0.11
Statistics & PI,5457.75,45.14,5502.89,2026-27,5347314.81,0.1
Steel,44.14,0.0,44.14,2017-18,2146734.78,0.0
Steel,47.9,0.0,47.9,2018-19,2442213.3,0.0
Steel,241.29,0.0,241.29,2019-20,2786349.45,0.01
Steel,100.0,0.0,100.0,2020-21,3042230.09,0.0
Steel,39.25,0.0,39.25,2021-22,3483235.63,0.0
Steel,47.0,0.0,47.0,2022-23,3944908.67,0.0
Steel,67.98,2.17,70.15,2023-24,4503097.45,0.0
Steel,324.19,1.47,325.66,2024-25,4820512.08,0.01
Steel,364.22,2997.78,3362.0,2025-26,5065345.04,0.07
Steel,439.84,3.34,443.18,2026-27,5347314.81,0.01
Textiles,6190.98,35.52,6226.5,2017-18,2146734.78,0.29
Textiles,7109.84,37.89,7147.73,2018-19,2442213.3,0.29
Textiles,4800.57,30.91,4831.48,2019-20,2786349.45,0.17
Textiles,3463.76,51.03,3514.79,2020-21,3042230.09,0.12
Textiles,3591.61,40.03,3631.64,2021-22,3483235.63,0.1
Textiles,12357.11,25.03,12382.14,2022-23,3944908.67,0.31
Textiles,4362.53,26.81,4389.34,2023-24,4503097.45,0.1
Textiles,4373.38,43.65,4417.03,2024-25,4820512.08,0.09
Textiles,5252.89,19.11,5272.0,2025-26,5065345.04,0.1
Textiles,5269.52,9.49,5279.01,2026-27,5347314.81,0.1
Tourism,1839.69,1.08,1840.77,2017-18,2146734.78,0.09
Tourism,2149.99,0.01,2150.0,2018-19,2442213.3,0.09
Tourism,2189.21,0.01,2189.22,2019-20,2786349.45,0.08
Tourism,2499.83,0.0,2499.83,2020-21,3042230.09,0.08
Tourism,2026.77,0.0,2026.77,2021-22,3483235.63,0.06
Tourism,2400.0,0.0,2400.0,2022-23,3944908.67,0.06
Tourism,2400.0,0.0,2400.0,2023-24,4503097.45,0.05
Tourism,2477.85,1.77,2479.62,2024-25,4820512.08,0.05
Tourism,2534.93,6.13,2541.06,2025-26,5065345.04,0.05
Tourism,2433.87,4.53,2438.4,2026-27,5347314.81,0.05
Tribal Affairs,5269.32,60.0,5329.32,2017-18,2146734.78,0.25
Tribal Affairs,5935.0,65.0,6000.0,2018-19,2442213.3,0.25
Tribal Affairs,6814.96,80.0,6894.96,2019-20,2786349.45,0.25
Tribal Affairs,7260.99,150.01,7411.0,2020-21,3042230.09,0.24
Tribal Affairs,7524.85,0.02,7524.87,2021-22,3483235.63,0.22
Tribal Affairs,8401.92,50.0,8451.92,2022-23,3944908.67,0.21
Tribal Affairs,12414.95,46.93,12461.88,2023-24,4503097.45,0.28
Tribal Affairs,12968.17,31.83,13000.0,2024-25,4820512.08,0.27
Tribal Affairs,14894.08,31.73,14925.81,2025-26,5065345.04,0.29
Tribal Affairs,15389.54,32.43,15421.97,2026-27,5347314.81,0.29
Urban Development/Housing,14879.48,19332.36,34211.84,2017-18,2146734.78,1.59
Women & Child Development,22056.02,38.65,22094.67,2017-18,2146734.78,1.03
Women & Child Development,24699.99,0.01,24700.0,2018-19,2442213.3,1.01
Women & Child Development,29164.89,0.01,29164.9,2019-20,2786349.45,1.05
Women & Child Development,30007.09,0.01,30007.1,2020-21,3042230.09,0.99
Women & Child Development,24430.0,5.0,24435.0,2021-22,3483235.63,0.7
Women & Child Development,25170.28,2.0,25172.28,2022-23,3944908.67,0.64
Women & Child Development,25443.67,5.08,25448.75,2023-24,4503097.45,0.57
Women & Child Development,26088.81,3.38,26092.19,2024-25,4820512.08,0.54
Women & Child Development,26884.99,4.7,26889.69,2025-26,5065345.04,0.53
Women & Child Development,28177.42,5.64,28183.06,2026-27,5347314.81,0.53
Youth Affairs & Sports,1888.46,54.75,1943.21,2017-18,2146734.78,0.09
Youth Affairs & Sports,2138.31,58.04,2196.35,2018-19,2442213.3,0.09
Youth Affairs & Sports,2181.9,35.02,2216.92,2019-20,2786349.45,0.08
Youth Affairs & Sports,2775.9,51.02,2826.92,2020-21,3042230.09,0.09
Youth Affairs & Sports,2549.41,46.73,2596.14,2021-22,3483235.63,0.07
Youth Affairs & Sports,3057.28,5.32,3062.6,2022-23,3944908.67,0.08
Youth Affairs & Sports,3389.56,7.76,3397.32,2023-24,4503097.45,0.08
Youth Affairs & Sports,3435.85,6.47,3442.32,2024-25,4820512.08,0.07
Youth Affairs & Sports,3788.49,5.81,3794.3,2025-26,5065345.04,0.07
Youth Affairs & Sports,4461.51,18.37,4479.88,2026-27,5347314.81,0.08
